query_item,recommendation_item,score,rank,recommendation_theme,model_version,created_at
1,15,0.9474788,1,word2vec,0.0.1,2024-11-03 17:34:18.700163
1,78,0.93036354,2,word2vec,0.0.1,2024-11-03 17:34:18.700163
1,9,0.9290031,3,word2vec,0.0.1,2024-11-03 17:34:18.700163
2,56,0.9505493,1,word2vec,0.0.1,2024-11-03 17:34:18.700163
2,65,0.9429543,2,word2vec,0.0.1,2024-11-03 17:34:18.700163
2,119,0.9350362,3,word2vec,0.0.1,2024-11-03 17:34:18.700163
3,152,0.9378985,1,word2vec,0.0.1,2024-11-03 17:34:18.700163
3,204,0.93543965,2,word2vec,0.0.1,2024-11-03 17:34:18.700163
3,84,0.9336944,3,word2vec,0.0.1,2024-11-03 17:34:18.700163
4,103,0.93168205,1,word2vec,0.0.1,2024-11-03 17:34:18.700163
4,171,0.9296229,2,word2vec,0.0.1,2024-11-03 17:34:18.700163
4,180,0.92678773,3,word2vec,0.0.1,2024-11-03 17:34:18.700163
5,204,0.9350504,1,word2vec,0.0.1,2024-11-03 17:34:18.700163
5,192,0.92768407,2,word2vec,0.0.1,2024-11-03 17:34:18.700163
5,119,0.92179537,3,word2vec,0.0.1,2024-11-03 17:34:18.700163
6,104,0.90974826,1,word2vec,0.0.1,2024-11-03 17:34:18.700163
6,195,0.90069133,2,word2vec,0.0.1,2024-11-03 17:34:18.700163
6,155,0.90019715,3,word2vec,0.0.1,2024-11-03 17:34:18.700163
7,44,0.9303286,1,word2vec,0.0.1,2024-11-03 17:34:18.700163
7,55,0.9295348,2,word2vec,0.0.1,2024-11-03 17:34:18.700163
7,29,0.926839,3,word2vec,0.0.1,2024-11-03 17:34:18.700163
8,139,0.93369526,1,word2vec,0.0.1,2024-11-03 17:34:18.700163
8,78,0.93272525,2,word2vec,0.0.1,2024-11-03 17:34:18.700163
8,9,0.93012726,3,word2vec,0.0.1,2024-11-03 17:34:18.700163
9,194,0.9561737,1,word2vec,0.0.1,2024-11-03 17:34:18.700163
9,69,0.9448187,2,word2vec,0.0.1,2024-11-03 17:34:18.700163
9,198,0.9409802,3,word2vec,0.0.1,2024-11-03 17:34:18.700163
10,25,0.9327538,1,word2vec,0.0.1,2024-11-03 17:34:18.700163
10,183,0.9298656,2,word2vec,0.0.1,2024-11-03 17:34:18.700163
10,158,0.9251634,3,word2vec,0.0.1,2024-11-03 17:34:18.700163
11,113,0.92859465,1,word2vec,0.0.1,2024-11-03 17:34:18.700163
11,190,0.92777413,2,word2vec,0.0.1,2024-11-03 17:34:18.700163
11,139,0.9197434,3,word2vec,0.0.1,2024-11-03 17:34:18.700163
12,173,0.8902192,1,word2vec,0.0.1,2024-11-03 17:34:18.700163
12,141,0.88090295,2,word2vec,0.0.1,2024-11-03 17:34:18.700163
12,86,0.85696805,3,word2vec,0.0.1,2024-11-03 17:34:18.700163
13,175,0.9336237,1,word2vec,0.0.1,2024-11-03 17:34:18.700163
13,81,0.9328216,2,word2vec,0.0.1,2024-11-03 17:34:18.700163
13,176,0.93257064,3,word2vec,0.0.1,2024-11-03 17:34:18.700163
14,118,0.94749784,1,word2vec,0.0.1,2024-11-03 17:34:18.700163
14,198,0.94127077,2,word2vec,0.0.1,2024-11-03 17:34:18.700163
14,132,0.9353079,3,word2vec,0.0.1,2024-11-03 17:34:18.700163
15,1,0.9474788,1,word2vec,0.0.1,2024-11-03 17:34:18.700163
15,139,0.9474232,2,word2vec,0.0.1,2024-11-03 17:34:18.700163
15,132,0.9415997,3,word2vec,0.0.1,2024-11-03 17:34:18.700163
16,204,0.93308187,1,word2vec,0.0.1,2024-11-03 17:34:18.700163
16,171,0.93094224,2,word2vec,0.0.1,2024-11-03 17:34:18.700163
16,101,0.92911845,3,word2vec,0.0.1,2024-11-03 17:34:18.700163
17,165,0.8981082,1,word2vec,0.0.1,2024-11-03 17:34:18.700163
17,144,0.88687724,2,word2vec,0.0.1,2024-11-03 17:34:18.700163
17,73,0.8836685,3,word2vec,0.0.1,2024-11-03 17:34:18.700163
18,196,0.9572165,1,word2vec,0.0.1,2024-11-03 17:34:18.700163
18,86,0.94752043,2,word2vec,0.0.1,2024-11-03 17:34:18.700163
18,163,0.9430293,3,word2vec,0.0.1,2024-11-03 17:34:18.700163
19,18,0.9084715,1,word2vec,0.0.1,2024-11-03 17:34:18.700163
19,145,0.9032365,2,word2vec,0.0.1,2024-11-03 17:34:18.700163
19,193,0.9005867,3,word2vec,0.0.1,2024-11-03 17:34:18.700163
20,122,0.98626703,1,word2vec,0.0.1,2024-11-03 17:34:18.700163
20,79,0.8438405,2,word2vec,0.0.1,2024-11-03 17:34:18.700163
20,76,0.84061694,3,word2vec,0.0.1,2024-11-03 17:34:18.700163
21,35,0.9283578,1,word2vec,0.0.1,2024-11-03 17:34:18.700163
21,105,0.9157822,2,word2vec,0.0.1,2024-11-03 17:34:18.700163
21,119,0.9141734,3,word2vec,0.0.1,2024-11-03 17:34:18.700163
22,68,0.9373925,1,word2vec,0.0.1,2024-11-03 17:34:18.700163
22,50,0.9338536,2,word2vec,0.0.1,2024-11-03 17:34:18.700163
22,32,0.9334304,3,word2vec,0.0.1,2024-11-03 17:34:18.700163
23,126,0.9491382,1,word2vec,0.0.1,2024-11-03 17:34:18.700163
23,210,0.937237,2,word2vec,0.0.1,2024-11-03 17:34:18.700163
23,84,0.9340893,3,word2vec,0.0.1,2024-11-03 17:34:18.700163
24,63,0.97488827,1,word2vec,0.0.1,2024-11-03 17:34:18.700163
24,95,0.96596295,2,word2vec,0.0.1,2024-11-03 17:34:18.700163
24,46,0.918395,3,word2vec,0.0.1,2024-11-03 17:34:18.700163
25,183,0.9376972,1,word2vec,0.0.1,2024-11-03 17:34:18.700163
25,10,0.9327538,2,word2vec,0.0.1,2024-11-03 17:34:18.700163
25,69,0.9283176,3,word2vec,0.0.1,2024-11-03 17:34:18.700163
26,69,0.94464844,1,word2vec,0.0.1,2024-11-03 17:34:18.700163
26,211,0.93944764,2,word2vec,0.0.1,2024-11-03 17:34:18.700163
26,9,0.93725926,3,word2vec,0.0.1,2024-11-03 17:34:18.700163
27,136,0.9811456,1,word2vec,0.0.1,2024-11-03 17:34:18.700163
27,153,0.8969595,2,word2vec,0.0.1,2024-11-03 17:34:18.700163
27,43,0.87753636,3,word2vec,0.0.1,2024-11-03 17:34:18.700163
28,84,0.9307967,1,word2vec,0.0.1,2024-11-03 17:34:18.700163
28,3,0.92460257,2,word2vec,0.0.1,2024-11-03 17:34:18.700163
28,104,0.91959625,3,word2vec,0.0.1,2024-11-03 17:34:18.700163
29,132,0.93271005,1,word2vec,0.0.1,2024-11-03 17:34:18.700163
29,208,0.9306232,2,word2vec,0.0.1,2024-11-03 17:34:18.700163
29,44,0.93011045,3,word2vec,0.0.1,2024-11-03 17:34:18.700163
30,165,0.9193407,1,word2vec,0.0.1,2024-11-03 17:34:18.700163
30,106,0.9112041,2,word2vec,0.0.1,2024-11-03 17:34:18.700163
30,163,0.9038154,3,word2vec,0.0.1,2024-11-03 17:34:18.700163
31,173,0.93070346,1,word2vec,0.0.1,2024-11-03 17:34:18.700163
31,142,0.91509414,2,word2vec,0.0.1,2024-11-03 17:34:18.700163
31,129,0.9150406,3,word2vec,0.0.1,2024-11-03 17:34:18.700163
32,175,0.9450275,1,word2vec,0.0.1,2024-11-03 17:34:18.700163
32,192,0.9425947,2,word2vec,0.0.1,2024-11-03 17:34:18.700163
32,119,0.9423333,3,word2vec,0.0.1,2024-11-03 17:34:18.700163
33,44,0.9326836,1,word2vec,0.0.1,2024-11-03 17:34:18.700163
33,132,0.92710567,2,word2vec,0.0.1,2024-11-03 17:34:18.700163
33,208,0.9235931,3,word2vec,0.0.1,2024-11-03 17:34:18.700163
34,173,0.9243204,1,word2vec,0.0.1,2024-11-03 17:34:18.700163
34,163,0.9226701,2,word2vec,0.0.1,2024-11-03 17:34:18.700163
34,123,0.91384834,3,word2vec,0.0.1,2024-11-03 17:34:18.700163
35,21,0.9283578,1,word2vec,0.0.1,2024-11-03 17:34:18.700163
35,163,0.8987195,2,word2vec,0.0.1,2024-11-03 17:34:18.700163
35,18,0.8976476,3,word2vec,0.0.1,2024-11-03 17:34:18.700163
36,26,0.92290914,1,word2vec,0.0.1,2024-11-03 17:34:18.700163
36,15,0.90852356,2,word2vec,0.0.1,2024-11-03 17:34:18.700163
36,69,0.9065743,3,word2vec,0.0.1,2024-11-03 17:34:18.700163
37,115,0.9828767,1,word2vec,0.0.1,2024-11-03 17:34:18.700163
37,77,0.9819014,2,word2vec,0.0.1,2024-11-03 17:34:18.700163
37,128,0.9802309,3,word2vec,0.0.1,2024-11-03 17:34:18.700163
38,180,0.93633956,1,word2vec,0.0.1,2024-11-03 17:34:18.700163
38,98,0.928134,2,word2vec,0.0.1,2024-11-03 17:34:18.700163
38,211,0.92476064,3,word2vec,0.0.1,2024-11-03 17:34:18.700163
39,170,0.9275758,1,word2vec,0.0.1,2024-11-03 17:34:18.700163
39,119,0.9233486,2,word2vec,0.0.1,2024-11-03 17:34:18.700163
39,181,0.9205919,3,word2vec,0.0.1,2024-11-03 17:34:18.700163
40,170,0.9530525,1,word2vec,0.0.1,2024-11-03 17:34:18.700163
40,155,0.9410186,2,word2vec,0.0.1,2024-11-03 17:34:18.700163
40,195,0.93779624,3,word2vec,0.0.1,2024-11-03 17:34:18.700163
41,112,0.95402205,1,word2vec,0.0.1,2024-11-03 17:34:18.700163
41,135,0.93264014,2,word2vec,0.0.1,2024-11-03 17:34:18.700163
41,152,0.93107027,3,word2vec,0.0.1,2024-11-03 17:34:18.700163
42,198,0.95795316,1,word2vec,0.0.1,2024-11-03 17:34:18.700163
42,194,0.937124,2,word2vec,0.0.1,2024-11-03 17:34:18.700163
42,158,0.92785805,3,word2vec,0.0.1,2024-11-03 17:34:18.700163
43,136,0.88037604,1,word2vec,0.0.1,2024-11-03 17:34:18.700163
43,27,0.87753636,2,word2vec,0.0.1,2024-11-03 17:34:18.700163
43,153,0.8712204,3,word2vec,0.0.1,2024-11-03 17:34:18.700163
44,132,0.9465843,1,word2vec,0.0.1,2024-11-03 17:34:18.700163
44,211,0.9443404,2,word2vec,0.0.1,2024-11-03 17:34:18.700163
44,208,0.9424553,3,word2vec,0.0.1,2024-11-03 17:34:18.700163
45,139,0.93652046,1,word2vec,0.0.1,2024-11-03 17:34:18.700163
45,121,0.93187624,2,word2vec,0.0.1,2024-11-03 17:34:18.700163
45,8,0.9289497,3,word2vec,0.0.1,2024-11-03 17:34:18.700163
46,64,0.9366221,1,word2vec,0.0.1,2024-11-03 17:34:18.700163
46,142,0.9349863,2,word2vec,0.0.1,2024-11-03 17:34:18.700163
46,175,0.9284205,3,word2vec,0.0.1,2024-11-03 17:34:18.700163
47,49,0.9636593,1,word2vec,0.0.1,2024-11-03 17:34:18.700163
47,114,0.95146275,2,word2vec,0.0.1,2024-11-03 17:34:18.700163
47,209,0.95146275,3,word2vec,0.0.1,2024-11-03 17:34:18.700163
48,137,0.9317551,1,word2vec,0.0.1,2024-11-03 17:34:18.700163
48,67,0.923559,2,word2vec,0.0.1,2024-11-03 17:34:18.700163
48,181,0.91617185,3,word2vec,0.0.1,2024-11-03 17:34:18.700163
49,47,0.9636593,1,word2vec,0.0.1,2024-11-03 17:34:18.700163
49,114,0.943758,2,word2vec,0.0.1,2024-11-03 17:34:18.700163
49,209,0.943758,3,word2vec,0.0.1,2024-11-03 17:34:18.700163
50,127,0.9563788,1,word2vec,0.0.1,2024-11-03 17:34:18.700163
50,100,0.9378844,2,word2vec,0.0.1,2024-11-03 17:34:18.700163
50,22,0.9338536,3,word2vec,0.0.1,2024-11-03 17:34:18.700163
51,26,0.9342416,1,word2vec,0.0.1,2024-11-03 17:34:18.700163
51,171,0.92823064,2,word2vec,0.0.1,2024-11-03 17:34:18.700163
51,23,0.9279057,3,word2vec,0.0.1,2024-11-03 17:34:18.700163
52,196,0.9830954,1,word2vec,0.0.1,2024-11-03 17:34:18.700163
52,18,0.9382761,2,word2vec,0.0.1,2024-11-03 17:34:18.700163
52,86,0.93783677,3,word2vec,0.0.1,2024-11-03 17:34:18.700163
53,210,0.93343604,1,word2vec,0.0.1,2024-11-03 17:34:18.700163
53,13,0.91252,2,word2vec,0.0.1,2024-11-03 17:34:18.700163
53,137,0.9111089,3,word2vec,0.0.1,2024-11-03 17:34:18.700163
54,110,0.9146276,1,word2vec,0.0.1,2024-11-03 17:34:18.700163
54,119,0.90671766,2,word2vec,0.0.1,2024-11-03 17:34:18.700163
54,39,0.9029503,3,word2vec,0.0.1,2024-11-03 17:34:18.700163
55,7,0.9295348,1,word2vec,0.0.1,2024-11-03 17:34:18.700163
55,132,0.92789227,2,word2vec,0.0.1,2024-11-03 17:34:18.700163
55,44,0.9231721,3,word2vec,0.0.1,2024-11-03 17:34:18.700163
56,65,0.9762891,1,word2vec,0.0.1,2024-11-03 17:34:18.700163
56,2,0.9505493,2,word2vec,0.0.1,2024-11-03 17:34:18.700163
56,204,0.94126314,3,word2vec,0.0.1,2024-11-03 17:34:18.700163
57,34,0.90606767,1,word2vec,0.0.1,2024-11-03 17:34:18.700163
57,125,0.89617586,2,word2vec,0.0.1,2024-11-03 17:34:18.700163
57,191,0.88983935,3,word2vec,0.0.1,2024-11-03 17:34:18.700163
58,185,0.93246657,1,word2vec,0.0.1,2024-11-03 17:34:18.700163
58,132,0.9229981,2,word2vec,0.0.1,2024-11-03 17:34:18.700163
58,188,0.9226643,3,word2vec,0.0.1,2024-11-03 17:34:18.700163
59,108,0.9440318,1,word2vec,0.0.1,2024-11-03 17:34:18.700163
59,78,0.93479955,2,word2vec,0.0.1,2024-11-03 17:34:18.700163
59,84,0.9341151,3,word2vec,0.0.1,2024-11-03 17:34:18.700163
60,144,0.9230774,1,word2vec,0.0.1,2024-11-03 17:34:18.700163
60,163,0.9161062,2,word2vec,0.0.1,2024-11-03 17:34:18.700163
60,189,0.90857404,3,word2vec,0.0.1,2024-11-03 17:34:18.700163
61,171,0.9373162,1,word2vec,0.0.1,2024-11-03 17:34:18.700163
61,119,0.93642676,2,word2vec,0.0.1,2024-11-03 17:34:18.700163
61,120,0.93227553,3,word2vec,0.0.1,2024-11-03 17:34:18.700163
62,34,0.88405323,1,word2vec,0.0.1,2024-11-03 17:34:18.700163
62,73,0.8492238,2,word2vec,0.0.1,2024-11-03 17:34:18.700163
62,163,0.8439734,3,word2vec,0.0.1,2024-11-03 17:34:18.700163
63,95,0.984189,1,word2vec,0.0.1,2024-11-03 17:34:18.700163
63,24,0.97488827,2,word2vec,0.0.1,2024-11-03 17:34:18.700163
63,46,0.9105041,3,word2vec,0.0.1,2024-11-03 17:34:18.700163
64,175,0.9501634,1,word2vec,0.0.1,2024-11-03 17:34:18.700163
64,119,0.94088733,2,word2vec,0.0.1,2024-11-03 17:34:18.700163
64,46,0.9366221,3,word2vec,0.0.1,2024-11-03 17:34:18.700163
65,56,0.9762891,1,word2vec,0.0.1,2024-11-03 17:34:18.700163
65,2,0.9429543,2,word2vec,0.0.1,2024-11-03 17:34:18.700163
65,38,0.9236673,3,word2vec,0.0.1,2024-11-03 17:34:18.700163
66,96,0.99075365,1,word2vec,0.0.1,2024-11-03 17:34:18.700163
66,47,0.90485334,2,word2vec,0.0.1,2024-11-03 17:34:18.700163
66,109,0.89787674,3,word2vec,0.0.1,2024-11-03 17:34:18.700163
67,48,0.923559,1,word2vec,0.0.1,2024-11-03 17:34:18.700163
67,137,0.88678855,2,word2vec,0.0.1,2024-11-03 17:34:18.700163
67,177,0.88429135,3,word2vec,0.0.1,2024-11-03 17:34:18.700163
68,193,0.9727412,1,word2vec,0.0.1,2024-11-03 17:34:18.700163
68,119,0.9458879,2,word2vec,0.0.1,2024-11-03 17:34:18.700163
68,200,0.9412619,3,word2vec,0.0.1,2024-11-03 17:34:18.700163
69,9,0.9448187,1,word2vec,0.0.1,2024-11-03 17:34:18.700163
69,26,0.94464844,2,word2vec,0.0.1,2024-11-03 17:34:18.700163
69,169,0.9442574,3,word2vec,0.0.1,2024-11-03 17:34:18.700163
70,83,0.9322231,1,word2vec,0.0.1,2024-11-03 17:34:18.700163
70,117,0.9305145,2,word2vec,0.0.1,2024-11-03 17:34:18.700163
70,82,0.92208487,3,word2vec,0.0.1,2024-11-03 17:34:18.700163
71,147,0.89700836,1,word2vec,0.0.1,2024-11-03 17:34:18.700163
71,171,0.87969947,2,word2vec,0.0.1,2024-11-03 17:34:18.700163
71,26,0.8750945,3,word2vec,0.0.1,2024-11-03 17:34:18.700163
72,208,0.9409288,1,word2vec,0.0.1,2024-11-03 17:34:18.700163
72,111,0.9317034,2,word2vec,0.0.1,2024-11-03 17:34:18.700163
72,44,0.92654794,3,word2vec,0.0.1,2024-11-03 17:34:18.700163
73,189,0.9643627,1,word2vec,0.0.1,2024-11-03 17:34:18.700163
73,163,0.9360012,2,word2vec,0.0.1,2024-11-03 17:34:18.700163
73,144,0.9282933,3,word2vec,0.0.1,2024-11-03 17:34:18.700163
74,174,0.9486594,1,word2vec,0.0.1,2024-11-03 17:34:18.700163
74,211,0.9357135,2,word2vec,0.0.1,2024-11-03 17:34:18.700163
74,103,0.932924,3,word2vec,0.0.1,2024-11-03 17:34:18.700163
75,187,0.9512282,1,word2vec,0.0.1,2024-11-03 17:34:18.700163
75,179,0.930636,2,word2vec,0.0.1,2024-11-03 17:34:18.700163
75,206,0.8689794,3,word2vec,0.0.1,2024-11-03 17:34:18.700163
76,77,0.9606607,1,word2vec,0.0.1,2024-11-03 17:34:18.700163
76,115,0.9599543,2,word2vec,0.0.1,2024-11-03 17:34:18.700163
76,128,0.95970327,3,word2vec,0.0.1,2024-11-03 17:34:18.700163
77,115,0.98651737,1,word2vec,0.0.1,2024-11-03 17:34:18.700163
77,197,0.98564726,2,word2vec,0.0.1,2024-11-03 17:34:18.700163
77,37,0.9819014,3,word2vec,0.0.1,2024-11-03 17:34:18.700163
78,146,0.9494691,1,word2vec,0.0.1,2024-11-03 17:34:18.700163
78,169,0.9387583,2,word2vec,0.0.1,2024-11-03 17:34:18.700163
78,132,0.93801504,3,word2vec,0.0.1,2024-11-03 17:34:18.700163
79,161,0.9421026,1,word2vec,0.0.1,2024-11-03 17:34:18.700163
79,124,0.9281315,2,word2vec,0.0.1,2024-11-03 17:34:18.700163
79,113,0.9163943,3,word2vec,0.0.1,2024-11-03 17:34:18.700163
80,7,0.92198986,1,word2vec,0.0.1,2024-11-03 17:34:18.700163
80,78,0.92172897,2,word2vec,0.0.1,2024-11-03 17:34:18.700163
80,146,0.9129142,3,word2vec,0.0.1,2024-11-03 17:34:18.700163
81,13,0.9328216,1,word2vec,0.0.1,2024-11-03 17:34:18.700163
81,142,0.9235345,2,word2vec,0.0.1,2024-11-03 17:34:18.700163
81,175,0.92024696,3,word2vec,0.0.1,2024-11-03 17:34:18.700163
82,133,0.92819,1,word2vec,0.0.1,2024-11-03 17:34:18.700163
82,174,0.9254238,2,word2vec,0.0.1,2024-11-03 17:34:18.700163
82,198,0.9236177,3,word2vec,0.0.1,2024-11-03 17:34:18.700163
83,119,0.94506276,1,word2vec,0.0.1,2024-11-03 17:34:18.700163
83,200,0.93713367,2,word2vec,0.0.1,2024-11-03 17:34:18.700163
83,176,0.93665266,3,word2vec,0.0.1,2024-11-03 17:34:18.700163
84,108,0.952416,1,word2vec,0.0.1,2024-11-03 17:34:18.700163
84,152,0.9458261,2,word2vec,0.0.1,2024-11-03 17:34:18.700163
84,204,0.9433477,3,word2vec,0.0.1,2024-11-03 17:34:18.700163
85,101,0.9391261,1,word2vec,0.0.1,2024-11-03 17:34:18.700163
85,110,0.9306871,2,word2vec,0.0.1,2024-11-03 17:34:18.700163
85,204,0.92845774,3,word2vec,0.0.1,2024-11-03 17:34:18.700163
86,144,0.9531883,1,word2vec,0.0.1,2024-11-03 17:34:18.700163
86,156,0.9506173,2,word2vec,0.0.1,2024-11-03 17:34:18.700163
86,196,0.94981295,3,word2vec,0.0.1,2024-11-03 17:34:18.700163
87,15,0.9108069,1,word2vec,0.0.1,2024-11-03 17:34:18.700163
87,157,0.9095502,2,word2vec,0.0.1,2024-11-03 17:34:18.700163
87,8,0.90411603,3,word2vec,0.0.1,2024-11-03 17:34:18.700163
88,169,0.91923743,1,word2vec,0.0.1,2024-11-03 17:34:18.700163
88,15,0.91890204,2,word2vec,0.0.1,2024-11-03 17:34:18.700163
88,29,0.91416854,3,word2vec,0.0.1,2024-11-03 17:34:18.700163
89,119,0.8887431,1,word2vec,0.0.1,2024-11-03 17:34:18.700163
89,32,0.87687266,2,word2vec,0.0.1,2024-11-03 17:34:18.700163
89,2,0.87300193,3,word2vec,0.0.1,2024-11-03 17:34:18.700163
90,105,0.94732684,1,word2vec,0.0.1,2024-11-03 17:34:18.700163
90,3,0.9154501,2,word2vec,0.0.1,2024-11-03 17:34:18.700163
90,119,0.9132599,3,word2vec,0.0.1,2024-11-03 17:34:18.700163
91,105,0.9136378,1,word2vec,0.0.1,2024-11-03 17:34:18.700163
91,138,0.90426564,2,word2vec,0.0.1,2024-11-03 17:34:18.700163
91,90,0.89973485,3,word2vec,0.0.1,2024-11-03 17:34:18.700163
92,139,0.937384,1,word2vec,0.0.1,2024-11-03 17:34:18.700163
92,78,0.9339613,2,word2vec,0.0.1,2024-11-03 17:34:18.700163
92,132,0.9329303,3,word2vec,0.0.1,2024-11-03 17:34:18.700163
93,40,0.93443716,1,word2vec,0.0.1,2024-11-03 17:34:18.700163
93,132,0.9334747,2,word2vec,0.0.1,2024-11-03 17:34:18.700163
93,83,0.9318109,3,word2vec,0.0.1,2024-11-03 17:34:18.700163
94,60,0.8780727,1,word2vec,0.0.1,2024-11-03 17:34:18.700163
94,104,0.8760581,2,word2vec,0.0.1,2024-11-03 17:34:18.700163
94,30,0.8733143,3,word2vec,0.0.1,2024-11-03 17:34:18.700163
95,63,0.984189,1,word2vec,0.0.1,2024-11-03 17:34:18.700163
95,24,0.96596295,2,word2vec,0.0.1,2024-11-03 17:34:18.700163
95,46,0.90480995,3,word2vec,0.0.1,2024-11-03 17:34:18.700163
96,66,0.99075365,1,word2vec,0.0.1,2024-11-03 17:34:18.700163
96,47,0.9039783,2,word2vec,0.0.1,2024-11-03 17:34:18.700163
96,175,0.8940511,3,word2vec,0.0.1,2024-11-03 17:34:18.700163
97,178,0.9705337,1,word2vec,0.0.1,2024-11-03 17:34:18.700163
97,103,0.967352,2,word2vec,0.0.1,2024-11-03 17:34:18.700163
97,211,0.94217604,3,word2vec,0.0.1,2024-11-03 17:34:18.700163
98,139,0.93652016,1,word2vec,0.0.1,2024-11-03 17:34:18.700163
98,198,0.9342641,2,word2vec,0.0.1,2024-11-03 17:34:18.700163
98,9,0.9306071,3,word2vec,0.0.1,2024-11-03 17:34:18.700163
99,30,0.90179086,1,word2vec,0.0.1,2024-11-03 17:34:18.700163
99,165,0.8956228,2,word2vec,0.0.1,2024-11-03 17:34:18.700163
99,189,0.8829148,3,word2vec,0.0.1,2024-11-03 17:34:18.700163
100,50,0.9378844,1,word2vec,0.0.1,2024-11-03 17:34:18.700163
100,127,0.92691433,2,word2vec,0.0.1,2024-11-03 17:34:18.700163
100,22,0.8836031,3,word2vec,0.0.1,2024-11-03 17:34:18.700163
101,204,0.94229114,1,word2vec,0.0.1,2024-11-03 17:34:18.700163
101,85,0.9391261,2,word2vec,0.0.1,2024-11-03 17:34:18.700163
101,132,0.9338911,3,word2vec,0.0.1,2024-11-03 17:34:18.700163
102,126,0.90084726,1,word2vec,0.0.1,2024-11-03 17:34:18.700163
102,148,0.8960379,2,word2vec,0.0.1,2024-11-03 17:34:18.700163
102,162,0.8913173,3,word2vec,0.0.1,2024-11-03 17:34:18.700163
103,178,0.98444283,1,word2vec,0.0.1,2024-11-03 17:34:18.700163
103,97,0.967352,2,word2vec,0.0.1,2024-11-03 17:34:18.700163
103,211,0.9481872,3,word2vec,0.0.1,2024-11-03 17:34:18.700163
104,195,0.94996345,1,word2vec,0.0.1,2024-11-03 17:34:18.700163
104,204,0.94144726,2,word2vec,0.0.1,2024-11-03 17:34:18.700163
104,172,0.94024575,3,word2vec,0.0.1,2024-11-03 17:34:18.700163
105,90,0.94732684,1,word2vec,0.0.1,2024-11-03 17:34:18.700163
105,119,0.9433011,2,word2vec,0.0.1,2024-11-03 17:34:18.700163
105,195,0.9374031,3,word2vec,0.0.1,2024-11-03 17:34:18.700163
106,201,0.93139786,1,word2vec,0.0.1,2024-11-03 17:34:18.700163
106,103,0.925214,2,word2vec,0.0.1,2024-11-03 17:34:18.700163
106,119,0.9242456,3,word2vec,0.0.1,2024-11-03 17:34:18.700163
107,94,0.8659239,1,word2vec,0.0.1,2024-11-03 17:34:18.700163
107,46,0.7824842,2,word2vec,0.0.1,2024-11-03 17:34:18.700163
107,21,0.7821927,3,word2vec,0.0.1,2024-11-03 17:34:18.700163
108,84,0.952416,1,word2vec,0.0.1,2024-11-03 17:34:18.700163
108,59,0.9440318,2,word2vec,0.0.1,2024-11-03 17:34:18.700163
108,181,0.9291773,3,word2vec,0.0.1,2024-11-03 17:34:18.700163
109,47,0.94343597,1,word2vec,0.0.1,2024-11-03 17:34:18.700163
109,77,0.93962544,2,word2vec,0.0.1,2024-11-03 17:34:18.700163
109,197,0.9384428,3,word2vec,0.0.1,2024-11-03 17:34:18.700163
110,185,0.9428795,1,word2vec,0.0.1,2024-11-03 17:34:18.700163
110,119,0.93408537,2,word2vec,0.0.1,2024-11-03 17:34:18.700163
110,204,0.93402326,3,word2vec,0.0.1,2024-11-03 17:34:18.700163
111,211,0.9698661,1,word2vec,0.0.1,2024-11-03 17:34:18.700163
111,103,0.94277275,2,word2vec,0.0.1,2024-11-03 17:34:18.700163
111,208,0.9390049,3,word2vec,0.0.1,2024-11-03 17:34:18.700163
112,41,0.95402205,1,word2vec,0.0.1,2024-11-03 17:34:18.700163
112,135,0.9486281,2,word2vec,0.0.1,2024-11-03 17:34:18.700163
112,170,0.942373,3,word2vec,0.0.1,2024-11-03 17:34:18.700163
113,139,0.9374303,1,word2vec,0.0.1,2024-11-03 17:34:18.700163
113,198,0.929947,2,word2vec,0.0.1,2024-11-03 17:34:18.700163
113,11,0.92859465,3,word2vec,0.0.1,2024-11-03 17:34:18.700163
114,209,1.0,1,word2vec,0.0.1,2024-11-03 17:34:18.700163
114,47,0.95146275,2,word2vec,0.0.1,2024-11-03 17:34:18.700163
114,49,0.943758,3,word2vec,0.0.1,2024-11-03 17:34:18.700163
115,128,0.9874613,1,word2vec,0.0.1,2024-11-03 17:34:18.700163
115,77,0.98651737,2,word2vec,0.0.1,2024-11-03 17:34:18.700163
115,197,0.98557127,3,word2vec,0.0.1,2024-11-03 17:34:18.700163
116,123,0.9307825,1,word2vec,0.0.1,2024-11-03 17:34:18.700163
116,173,0.91230494,2,word2vec,0.0.1,2024-11-03 17:34:18.700163
116,163,0.89155775,3,word2vec,0.0.1,2024-11-03 17:34:18.700163
117,70,0.9305145,1,word2vec,0.0.1,2024-11-03 17:34:18.700163
117,42,0.92509234,2,word2vec,0.0.1,2024-11-03 17:34:18.700163
117,198,0.92239684,3,word2vec,0.0.1,2024-11-03 17:34:18.700163
118,14,0.94749784,1,word2vec,0.0.1,2024-11-03 17:34:18.700163
118,139,0.92503035,2,word2vec,0.0.1,2024-11-03 17:34:18.700163
118,132,0.9234678,3,word2vec,0.0.1,2024-11-03 17:34:18.700163
119,176,0.9610836,1,word2vec,0.0.1,2024-11-03 17:34:18.700163
119,200,0.95722145,2,word2vec,0.0.1,2024-11-03 17:34:18.700163
119,175,0.95511967,3,word2vec,0.0.1,2024-11-03 17:34:18.700163
120,61,0.93227553,1,word2vec,0.0.1,2024-11-03 17:34:18.700163
120,170,0.9243854,2,word2vec,0.0.1,2024-11-03 17:34:18.700163
120,119,0.9227786,3,word2vec,0.0.1,2024-11-03 17:34:18.700163
121,15,0.93821365,1,word2vec,0.0.1,2024-11-03 17:34:18.700163
121,45,0.93187624,2,word2vec,0.0.1,2024-11-03 17:34:18.700163
121,14,0.93187606,3,word2vec,0.0.1,2024-11-03 17:34:18.700163
122,20,0.98626703,1,word2vec,0.0.1,2024-11-03 17:34:18.700163
122,76,0.85573727,2,word2vec,0.0.1,2024-11-03 17:34:18.700163
122,98,0.8436738,3,word2vec,0.0.1,2024-11-03 17:34:18.700163
123,173,0.96191,1,word2vec,0.0.1,2024-11-03 17:34:18.700163
123,116,0.9307825,2,word2vec,0.0.1,2024-11-03 17:34:18.700163
123,142,0.91845393,3,word2vec,0.0.1,2024-11-03 17:34:18.700163
124,161,0.9310281,1,word2vec,0.0.1,2024-11-03 17:34:18.700163
124,79,0.9281315,2,word2vec,0.0.1,2024-11-03 17:34:18.700163
124,199,0.9154063,3,word2vec,0.0.1,2024-11-03 17:34:18.700163
125,57,0.89617586,1,word2vec,0.0.1,2024-11-03 17:34:18.700163
125,114,0.8574438,2,word2vec,0.0.1,2024-11-03 17:34:18.700163
125,209,0.8574438,3,word2vec,0.0.1,2024-11-03 17:34:18.700163
126,23,0.9491382,1,word2vec,0.0.1,2024-11-03 17:34:18.700163
126,171,0.93871665,2,word2vec,0.0.1,2024-11-03 17:34:18.700163
126,210,0.9376523,3,word2vec,0.0.1,2024-11-03 17:34:18.700163
127,50,0.9563788,1,word2vec,0.0.1,2024-11-03 17:34:18.700163
127,100,0.92691433,2,word2vec,0.0.1,2024-11-03 17:34:18.700163
127,137,0.89785314,3,word2vec,0.0.1,2024-11-03 17:34:18.700163
128,115,0.9874613,1,word2vec,0.0.1,2024-11-03 17:34:18.700163
128,77,0.98134804,2,word2vec,0.0.1,2024-11-03 17:34:18.700163
128,197,0.9804324,3,word2vec,0.0.1,2024-11-03 17:34:18.700163
129,167,0.9533853,1,word2vec,0.0.1,2024-11-03 17:34:18.700163
129,142,0.92822725,2,word2vec,0.0.1,2024-11-03 17:34:18.700163
129,22,0.92728144,3,word2vec,0.0.1,2024-11-03 17:34:18.700163
130,46,0.9139548,1,word2vec,0.0.1,2024-11-03 17:34:18.700163
130,64,0.9006834,2,word2vec,0.0.1,2024-11-03 17:34:18.700163
130,24,0.8808521,3,word2vec,0.0.1,2024-11-03 17:34:18.700163
131,172,0.9345414,1,word2vec,0.0.1,2024-11-03 17:34:18.700163
131,132,0.9183801,2,word2vec,0.0.1,2024-11-03 17:34:18.700163
131,204,0.9127729,3,word2vec,0.0.1,2024-11-03 17:34:18.700163
132,198,0.94707173,1,word2vec,0.0.1,2024-11-03 17:34:18.700163
132,44,0.9465843,2,word2vec,0.0.1,2024-11-03 17:34:18.700163
132,188,0.94219476,3,word2vec,0.0.1,2024-11-03 17:34:18.700163
133,103,0.93466103,1,word2vec,0.0.1,2024-11-03 17:34:18.700163
133,44,0.9311918,2,word2vec,0.0.1,2024-11-03 17:34:18.700163
133,82,0.92819,3,word2vec,0.0.1,2024-11-03 17:34:18.700163
134,84,0.9341409,1,word2vec,0.0.1,2024-11-03 17:34:18.700163
134,152,0.9321571,2,word2vec,0.0.1,2024-11-03 17:34:18.700163
134,23,0.9262421,3,word2vec,0.0.1,2024-11-03 17:34:18.700163
135,112,0.9486281,1,word2vec,0.0.1,2024-11-03 17:34:18.700163
135,132,0.936204,2,word2vec,0.0.1,2024-11-03 17:34:18.700163
135,185,0.9328009,3,word2vec,0.0.1,2024-11-03 17:34:18.700163
136,27,0.9811456,1,word2vec,0.0.1,2024-11-03 17:34:18.700163
136,153,0.89830965,2,word2vec,0.0.1,2024-11-03 17:34:18.700163
136,43,0.88037604,3,word2vec,0.0.1,2024-11-03 17:34:18.700163
137,48,0.9317551,1,word2vec,0.0.1,2024-11-03 17:34:18.700163
137,13,0.9310602,2,word2vec,0.0.1,2024-11-03 17:34:18.700163
137,119,0.92870706,3,word2vec,0.0.1,2024-11-03 17:34:18.700163
138,192,0.9340165,1,word2vec,0.0.1,2024-11-03 17:34:18.700163
138,104,0.9328548,2,word2vec,0.0.1,2024-11-03 17:34:18.700163
138,2,0.92529386,3,word2vec,0.0.1,2024-11-03 17:34:18.700163
139,15,0.9474232,1,word2vec,0.0.1,2024-11-03 17:34:18.700163
139,132,0.93977153,2,word2vec,0.0.1,2024-11-03 17:34:18.700163
139,113,0.9374303,3,word2vec,0.0.1,2024-11-03 17:34:18.700163
140,144,0.9623128,1,word2vec,0.0.1,2024-11-03 17:34:18.700163
140,163,0.95026207,2,word2vec,0.0.1,2024-11-03 17:34:18.700163
140,151,0.9460282,3,word2vec,0.0.1,2024-11-03 17:34:18.700163
141,173,0.92663115,1,word2vec,0.0.1,2024-11-03 17:34:18.700163
141,123,0.91805434,2,word2vec,0.0.1,2024-11-03 17:34:18.700163
141,73,0.9112203,3,word2vec,0.0.1,2024-11-03 17:34:18.700163
142,172,0.95904034,1,word2vec,0.0.1,2024-11-03 17:34:18.700163
142,192,0.944912,2,word2vec,0.0.1,2024-11-03 17:34:18.700163
142,173,0.937557,3,word2vec,0.0.1,2024-11-03 17:34:18.700163
143,171,0.9276317,1,word2vec,0.0.1,2024-11-03 17:34:18.700163
143,103,0.9268014,2,word2vec,0.0.1,2024-11-03 17:34:18.700163
143,208,0.9262187,3,word2vec,0.0.1,2024-11-03 17:34:18.700163
144,140,0.9623128,1,word2vec,0.0.1,2024-11-03 17:34:18.700163
144,156,0.95623845,2,word2vec,0.0.1,2024-11-03 17:34:18.700163
144,163,0.9545466,3,word2vec,0.0.1,2024-11-03 17:34:18.700163
145,19,0.9032365,1,word2vec,0.0.1,2024-11-03 17:34:18.700163
145,35,0.88896275,2,word2vec,0.0.1,2024-11-03 17:34:18.700163
145,60,0.8797988,3,word2vec,0.0.1,2024-11-03 17:34:18.700163
146,78,0.9494691,1,word2vec,0.0.1,2024-11-03 17:34:18.700163
146,15,0.9322996,2,word2vec,0.0.1,2024-11-03 17:34:18.700163
146,92,0.92776614,3,word2vec,0.0.1,2024-11-03 17:34:18.700163
147,51,0.91543764,1,word2vec,0.0.1,2024-11-03 17:34:18.700163
147,26,0.91521746,2,word2vec,0.0.1,2024-11-03 17:34:18.700163
147,9,0.90895605,3,word2vec,0.0.1,2024-11-03 17:34:18.700163
148,190,0.9266361,1,word2vec,0.0.1,2024-11-03 17:34:18.700163
148,65,0.91053295,2,word2vec,0.0.1,2024-11-03 17:34:18.700163
148,4,0.9079711,3,word2vec,0.0.1,2024-11-03 17:34:18.700163
149,63,0.8548072,1,word2vec,0.0.1,2024-11-03 17:34:18.700163
149,24,0.85360056,2,word2vec,0.0.1,2024-11-03 17:34:18.700163
149,95,0.85117084,3,word2vec,0.0.1,2024-11-03 17:34:18.700163
150,190,0.92328095,1,word2vec,0.0.1,2024-11-03 17:34:18.700163
150,23,0.9147358,2,word2vec,0.0.1,2024-11-03 17:34:18.700163
150,78,0.91347915,3,word2vec,0.0.1,2024-11-03 17:34:18.700163
151,156,0.9622116,1,word2vec,0.0.1,2024-11-03 17:34:18.700163
151,140,0.9460282,2,word2vec,0.0.1,2024-11-03 17:34:18.700163
151,144,0.94427854,3,word2vec,0.0.1,2024-11-03 17:34:18.700163
152,84,0.9458261,1,word2vec,0.0.1,2024-11-03 17:34:18.700163
152,204,0.9437208,2,word2vec,0.0.1,2024-11-03 17:34:18.700163
152,3,0.9378985,3,word2vec,0.0.1,2024-11-03 17:34:18.700163
153,195,0.93016875,1,word2vec,0.0.1,2024-11-03 17:34:18.700163
153,190,0.9203854,2,word2vec,0.0.1,2024-11-03 17:34:18.700163
153,104,0.91467106,3,word2vec,0.0.1,2024-11-03 17:34:18.700163
154,161,0.92596906,1,word2vec,0.0.1,2024-11-03 17:34:18.700163
154,198,0.92084783,2,word2vec,0.0.1,2024-11-03 17:34:18.700163
154,111,0.91981083,3,word2vec,0.0.1,2024-11-03 17:34:18.700163
155,103,0.9436039,1,word2vec,0.0.1,2024-11-03 17:34:18.700163
155,40,0.9410186,2,word2vec,0.0.1,2024-11-03 17:34:18.700163
155,201,0.9373594,3,word2vec,0.0.1,2024-11-03 17:34:18.700163
156,151,0.9622116,1,word2vec,0.0.1,2024-11-03 17:34:18.700163
156,144,0.95623845,2,word2vec,0.0.1,2024-11-03 17:34:18.700163
156,86,0.9506173,3,word2vec,0.0.1,2024-11-03 17:34:18.700163
157,78,0.9289328,1,word2vec,0.0.1,2024-11-03 17:34:18.700163
157,84,0.92666507,2,word2vec,0.0.1,2024-11-03 17:34:18.700163
157,146,0.9207957,3,word2vec,0.0.1,2024-11-03 17:34:18.700163
158,183,0.9447185,1,word2vec,0.0.1,2024-11-03 17:34:18.700163
158,42,0.92785805,2,word2vec,0.0.1,2024-11-03 17:34:18.700163
158,10,0.9251634,3,word2vec,0.0.1,2024-11-03 17:34:18.700163
159,142,0.8722657,1,word2vec,0.0.1,2024-11-03 17:34:18.700163
159,31,0.8632399,2,word2vec,0.0.1,2024-11-03 17:34:18.700163
159,32,0.86172336,3,word2vec,0.0.1,2024-11-03 17:34:18.700163
160,19,0.8890988,1,word2vec,0.0.1,2024-11-03 17:34:18.700163
160,156,0.8597776,2,word2vec,0.0.1,2024-11-03 17:34:18.700163
160,142,0.85958743,3,word2vec,0.0.1,2024-11-03 17:34:18.700163
161,79,0.9421026,1,word2vec,0.0.1,2024-11-03 17:34:18.700163
161,188,0.9356946,2,word2vec,0.0.1,2024-11-03 17:34:18.700163
161,139,0.9323945,3,word2vec,0.0.1,2024-11-03 17:34:18.700163
162,51,0.90933603,1,word2vec,0.0.1,2024-11-03 17:34:18.700163
162,26,0.9087832,2,word2vec,0.0.1,2024-11-03 17:34:18.700163
162,59,0.90576917,3,word2vec,0.0.1,2024-11-03 17:34:18.700163
163,144,0.9545466,1,word2vec,0.0.1,2024-11-03 17:34:18.700163
163,140,0.95026207,2,word2vec,0.0.1,2024-11-03 17:34:18.700163
163,156,0.9479113,3,word2vec,0.0.1,2024-11-03 17:34:18.700163
164,181,0.94289744,1,word2vec,0.0.1,2024-11-03 17:34:18.700163
164,204,0.92950684,2,word2vec,0.0.1,2024-11-03 17:34:18.700163
164,171,0.9267226,3,word2vec,0.0.1,2024-11-03 17:34:18.700163
165,106,0.92059934,1,word2vec,0.0.1,2024-11-03 17:34:18.700163
165,30,0.9193407,2,word2vec,0.0.1,2024-11-03 17:34:18.700163
165,144,0.91346306,3,word2vec,0.0.1,2024-11-03 17:34:18.700163
166,128,0.9528413,1,word2vec,0.0.1,2024-11-03 17:34:18.700163
166,197,0.94710493,2,word2vec,0.0.1,2024-11-03 17:34:18.700163
166,76,0.9466329,3,word2vec,0.0.1,2024-11-03 17:34:18.700163
167,129,0.9533853,1,word2vec,0.0.1,2024-11-03 17:34:18.700163
167,32,0.88090277,2,word2vec,0.0.1,2024-11-03 17:34:18.700163
167,142,0.87395644,3,word2vec,0.0.1,2024-11-03 17:34:18.700163
168,106,0.92321545,1,word2vec,0.0.1,2024-11-03 17:34:18.700163
168,32,0.907507,2,word2vec,0.0.1,2024-11-03 17:34:18.700163
168,165,0.9003424,3,word2vec,0.0.1,2024-11-03 17:34:18.700163
169,69,0.9442574,1,word2vec,0.0.1,2024-11-03 17:34:18.700163
169,9,0.9399019,2,word2vec,0.0.1,2024-11-03 17:34:18.700163
169,78,0.9387583,3,word2vec,0.0.1,2024-11-03 17:34:18.700163
170,40,0.9530525,1,word2vec,0.0.1,2024-11-03 17:34:18.700163
170,112,0.942373,2,word2vec,0.0.1,2024-11-03 17:34:18.700163
170,119,0.93853813,3,word2vec,0.0.1,2024-11-03 17:34:18.700163
171,181,0.9454611,1,word2vec,0.0.1,2024-11-03 17:34:18.700163
171,204,0.9442135,2,word2vec,0.0.1,2024-11-03 17:34:18.700163
171,126,0.93871665,3,word2vec,0.0.1,2024-11-03 17:34:18.700163
172,142,0.95904034,1,word2vec,0.0.1,2024-11-03 17:34:18.700163
172,192,0.9481696,2,word2vec,0.0.1,2024-11-03 17:34:18.700163
172,204,0.9441174,3,word2vec,0.0.1,2024-11-03 17:34:18.700163
173,123,0.96191,1,word2vec,0.0.1,2024-11-03 17:34:18.700163
173,142,0.937557,2,word2vec,0.0.1,2024-11-03 17:34:18.700163
173,31,0.93070346,3,word2vec,0.0.1,2024-11-03 17:34:18.700163
174,74,0.9486594,1,word2vec,0.0.1,2024-11-03 17:34:18.700163
174,180,0.9422835,2,word2vec,0.0.1,2024-11-03 17:34:18.700163
174,211,0.93865454,3,word2vec,0.0.1,2024-11-03 17:34:18.700163
175,119,0.95511967,1,word2vec,0.0.1,2024-11-03 17:34:18.700163
175,64,0.9501634,2,word2vec,0.0.1,2024-11-03 17:34:18.700163
175,32,0.9450275,3,word2vec,0.0.1,2024-11-03 17:34:18.700163
176,119,0.9610836,1,word2vec,0.0.1,2024-11-03 17:34:18.700163
176,200,0.9430771,2,word2vec,0.0.1,2024-11-03 17:34:18.700163
176,175,0.9424741,3,word2vec,0.0.1,2024-11-03 17:34:18.700163
177,81,0.9026887,1,word2vec,0.0.1,2024-11-03 17:34:18.700163
177,13,0.8977883,2,word2vec,0.0.1,2024-11-03 17:34:18.700163
177,119,0.89393634,3,word2vec,0.0.1,2024-11-03 17:34:18.700163
178,103,0.98444283,1,word2vec,0.0.1,2024-11-03 17:34:18.700163
178,97,0.9705337,2,word2vec,0.0.1,2024-11-03 17:34:18.700163
178,211,0.9413314,3,word2vec,0.0.1,2024-11-03 17:34:18.700163
179,187,0.95352167,1,word2vec,0.0.1,2024-11-03 17:34:18.700163
179,75,0.930636,2,word2vec,0.0.1,2024-11-03 17:34:18.700163
179,206,0.9101252,3,word2vec,0.0.1,2024-11-03 17:34:18.700163
180,174,0.9422835,1,word2vec,0.0.1,2024-11-03 17:34:18.700163
180,38,0.93633956,2,word2vec,0.0.1,2024-11-03 17:34:18.700163
180,83,0.9330536,3,word2vec,0.0.1,2024-11-03 17:34:18.700163
181,171,0.9454611,1,word2vec,0.0.1,2024-11-03 17:34:18.700163
181,164,0.94289744,2,word2vec,0.0.1,2024-11-03 17:34:18.700163
181,204,0.942759,3,word2vec,0.0.1,2024-11-03 17:34:18.700163
182,132,0.92136866,1,word2vec,0.0.1,2024-11-03 17:34:18.700163
182,101,0.9190782,2,word2vec,0.0.1,2024-11-03 17:34:18.700163
182,152,0.91713494,3,word2vec,0.0.1,2024-11-03 17:34:18.700163
183,158,0.9447185,1,word2vec,0.0.1,2024-11-03 17:34:18.700163
183,25,0.9376972,2,word2vec,0.0.1,2024-11-03 17:34:18.700163
183,112,0.9343459,3,word2vec,0.0.1,2024-11-03 17:34:18.700163
184,106,0.91723204,1,word2vec,0.0.1,2024-11-03 17:34:18.700163
184,7,0.91671264,2,word2vec,0.0.1,2024-11-03 17:34:18.700163
184,104,0.9151058,3,word2vec,0.0.1,2024-11-03 17:34:18.700163
185,110,0.9428795,1,word2vec,0.0.1,2024-11-03 17:34:18.700163
185,56,0.93956995,2,word2vec,0.0.1,2024-11-03 17:34:18.700163
185,204,0.93673253,3,word2vec,0.0.1,2024-11-03 17:34:18.700163
186,152,0.9195785,1,word2vec,0.0.1,2024-11-03 17:34:18.700163
186,183,0.9189059,2,word2vec,0.0.1,2024-11-03 17:34:18.700163
186,157,0.9140952,3,word2vec,0.0.1,2024-11-03 17:34:18.700163
187,179,0.95352167,1,word2vec,0.0.1,2024-11-03 17:34:18.700163
187,75,0.9512282,2,word2vec,0.0.1,2024-11-03 17:34:18.700163
187,206,0.8851901,3,word2vec,0.0.1,2024-11-03 17:34:18.700163
188,132,0.94219476,1,word2vec,0.0.1,2024-11-03 17:34:18.700163
188,161,0.9356946,2,word2vec,0.0.1,2024-11-03 17:34:18.700163
188,92,0.9316465,3,word2vec,0.0.1,2024-11-03 17:34:18.700163
189,73,0.9643627,1,word2vec,0.0.1,2024-11-03 17:34:18.700163
189,163,0.9451153,2,word2vec,0.0.1,2024-11-03 17:34:18.700163
189,144,0.9391601,3,word2vec,0.0.1,2024-11-03 17:34:18.700163
190,15,0.9289087,1,word2vec,0.0.1,2024-11-03 17:34:18.700163
190,11,0.92777413,2,word2vec,0.0.1,2024-11-03 17:34:18.700163
190,14,0.92746884,3,word2vec,0.0.1,2024-11-03 17:34:18.700163
191,57,0.88983935,1,word2vec,0.0.1,2024-11-03 17:34:18.700163
191,34,0.83371615,2,word2vec,0.0.1,2024-11-03 17:34:18.700163
191,145,0.8279957,3,word2vec,0.0.1,2024-11-03 17:34:18.700163
192,172,0.9481696,1,word2vec,0.0.1,2024-11-03 17:34:18.700163
192,142,0.944912,2,word2vec,0.0.1,2024-11-03 17:34:18.700163
192,32,0.9425947,3,word2vec,0.0.1,2024-11-03 17:34:18.700163
193,68,0.9727412,1,word2vec,0.0.1,2024-11-03 17:34:18.700163
193,200,0.94642925,2,word2vec,0.0.1,2024-11-03 17:34:18.700163
193,119,0.9382941,3,word2vec,0.0.1,2024-11-03 17:34:18.700163
194,198,0.9663628,1,word2vec,0.0.1,2024-11-03 17:34:18.700163
194,9,0.9561737,2,word2vec,0.0.1,2024-11-03 17:34:18.700163
194,69,0.94359696,3,word2vec,0.0.1,2024-11-03 17:34:18.700163
195,104,0.94996345,1,word2vec,0.0.1,2024-11-03 17:34:18.700163
195,119,0.94201916,2,word2vec,0.0.1,2024-11-03 17:34:18.700163
195,40,0.93779624,3,word2vec,0.0.1,2024-11-03 17:34:18.700163
196,52,0.9830954,1,word2vec,0.0.1,2024-11-03 17:34:18.700163
196,18,0.9572165,2,word2vec,0.0.1,2024-11-03 17:34:18.700163
196,86,0.94981295,3,word2vec,0.0.1,2024-11-03 17:34:18.700163
197,77,0.98564726,1,word2vec,0.0.1,2024-11-03 17:34:18.700163
197,115,0.98557127,2,word2vec,0.0.1,2024-11-03 17:34:18.700163
197,128,0.9804324,3,word2vec,0.0.1,2024-11-03 17:34:18.700163
198,194,0.9663628,1,word2vec,0.0.1,2024-11-03 17:34:18.700163
198,42,0.95795316,2,word2vec,0.0.1,2024-11-03 17:34:18.700163
198,132,0.94707173,3,word2vec,0.0.1,2024-11-03 17:34:18.700163
199,9,0.9272265,1,word2vec,0.0.1,2024-11-03 17:34:18.700163
199,23,0.92150664,2,word2vec,0.0.1,2024-11-03 17:34:18.700163
199,161,0.92054474,3,word2vec,0.0.1,2024-11-03 17:34:18.700163
200,119,0.95722145,1,word2vec,0.0.1,2024-11-03 17:34:18.700163
200,201,0.94660443,2,word2vec,0.0.1,2024-11-03 17:34:18.700163
200,193,0.94642925,3,word2vec,0.0.1,2024-11-03 17:34:18.700163
201,200,0.94660443,1,word2vec,0.0.1,2024-11-03 17:34:18.700163
201,155,0.9373594,2,word2vec,0.0.1,2024-11-03 17:34:18.700163
201,152,0.9355578,3,word2vec,0.0.1,2024-11-03 17:34:18.700163
202,44,0.93206847,1,word2vec,0.0.1,2024-11-03 17:34:18.700163
202,74,0.9289565,2,word2vec,0.0.1,2024-11-03 17:34:18.700163
202,211,0.9283012,3,word2vec,0.0.1,2024-11-03 17:34:18.700163
203,24,0.9146267,1,word2vec,0.0.1,2024-11-03 17:34:18.700163
203,63,0.9076479,2,word2vec,0.0.1,2024-11-03 17:34:18.700163
203,95,0.89123964,3,word2vec,0.0.1,2024-11-03 17:34:18.700163
204,171,0.9442135,1,word2vec,0.0.1,2024-11-03 17:34:18.700163
204,172,0.9441174,2,word2vec,0.0.1,2024-11-03 17:34:18.700163
204,152,0.9437208,3,word2vec,0.0.1,2024-11-03 17:34:18.700163
205,123,0.8828643,1,word2vec,0.0.1,2024-11-03 17:34:18.700163
205,175,0.875322,2,word2vec,0.0.1,2024-11-03 17:34:18.700163
205,142,0.874847,3,word2vec,0.0.1,2024-11-03 17:34:18.700163
206,179,0.9101252,1,word2vec,0.0.1,2024-11-03 17:34:18.700163
206,64,0.90157986,2,word2vec,0.0.1,2024-11-03 17:34:18.700163
206,46,0.9013147,3,word2vec,0.0.1,2024-11-03 17:34:18.700163
207,48,0.8229809,1,word2vec,0.0.1,2024-11-03 17:34:18.700163
207,177,0.81897295,2,word2vec,0.0.1,2024-11-03 17:34:18.700163
207,21,0.8113958,3,word2vec,0.0.1,2024-11-03 17:34:18.700163
208,211,0.9464679,1,word2vec,0.0.1,2024-11-03 17:34:18.700163
208,44,0.9424553,2,word2vec,0.0.1,2024-11-03 17:34:18.700163
208,198,0.9417176,3,word2vec,0.0.1,2024-11-03 17:34:18.700163
209,209,1.0,1,word2vec,0.0.1,2024-11-03 17:34:18.700163
209,47,0.95146275,2,word2vec,0.0.1,2024-11-03 17:34:18.700163
209,49,0.943758,3,word2vec,0.0.1,2024-11-03 17:34:18.700163
210,126,0.9376523,1,word2vec,0.0.1,2024-11-03 17:34:18.700163
210,23,0.937237,2,word2vec,0.0.1,2024-11-03 17:34:18.700163
210,171,0.93416315,3,word2vec,0.0.1,2024-11-03 17:34:18.700163
211,111,0.9698661,1,word2vec,0.0.1,2024-11-03 17:34:18.700163
211,103,0.9481872,2,word2vec,0.0.1,2024-11-03 17:34:18.700163
211,208,0.9464679,3,word2vec,0.0.1,2024-11-03 17:34:18.700163
